0,85,0,80,0,320.75
1,89,1,82,1,314.25
2,97,2,81,2,308.25
3,104,3,82,3,303.5
4,108,4,84,4,295
5,118,5,85,5,285.25
6,125,6,82,6,276.75
7,138,7,81,7,268
8,134,8,78,8,258.25
9,139,9,80,9,250
10,143,10,79,10,243.25
11,155,11,76,11,235
12,165,12,70,12,224.75
13,177,13,71,13,215.75
14,187,14,71,14,211.25
15,200,15,68,15,204
16,214,16,68,16,195.5
17,225,17,69,17,182
18,229,18,70,18,172.5
19,243,19,72,19,161.75
20,254,20,72,20,152.25
21,275,21,70,21,143.75
22,288,22,67,22,134
23,309,23,64,23,126.25
24,322,24,65,24,117.25
25,350,25,65,25,106.75
26,379,26,65,26,98.25
27,412,27,65,27,90.5
28,449,28,64,28,78
29,474,29,64,29,77.25
30,504,30,65,30,67.5
31,531,31,63,31,58.5
32,567,32,64,32,51.75
33,615,33,63,33,43
34,654,34,62,34,38.75
35,699,35,64,35,35.75
36,747,36,65,36,34.25
37,784,37,65,37,30.5
38,807,38,69,38,25.25
39,852,39,69,39,24.75
40,891,40,71,40,22.75
41,936,41,74,41,20.5
42,980,42,75,42,20.25
43,1021,43,76,43,18.75
44,1059,44,77,44,15.75
45,1081,45,78,45,12
46,1110,46,80,46,12
47,1147,47,82,47,11.5
48,1162,48,84,48,11.75
49,1191,49,84,49,11.25
50,1206,50,86,50,11.75
51,1251,51,89,51,11.5
52,1200,52,89,52,11.25
53,1229,53,92,53,10.25
54,1227,54,93,54,9.75
55,1213,55,93,55,10
56,1164,56,94,56,8.5
57,1114,57,97,57,9.25
58,1101,58,97,58,9.75
59,1088,59,97,59,9
60,1062,60,98,60,8.25
61,1015,61,98,61,8.25
62,967,62,98,62,9.5
63,923,63,98,63,9
64,889,64,99,64,10.75
65,856,65,104,65,10.25
66,801,66,106,66,10.25
67,767,67,108,67,11.25
68,735,68,110,68,12.25
69,707,69,114,69,14
70,649,70,118,70,16
71,586,71,120,71,15.75
72,559,72,127,72,16
73,523,73,128,73,14.5
74,497,74,131,74,16.5
75,486,75,136,75,19.25
76,463,76,140,76,18.5
77,421,77,143,77,19.25
78,406,78,145,78,22
79,408,79,149,79,22.75
80,390,80,152,80,22
81,349,81,153,81,22.75
82,335,82,158,82,24.75
83,298,83,159,83,25
84,293,84,160,84,27
85,289,85,163,85,28
86,265,86,169,86,29.25
87,252,87,174,87,29.25
88,247,88,177,88,40
89,230,89,181,89,42.5
90,223,90,181,90,48
91,238,91,184,91,57
92,229,92,189,92,66
93,223,93,193,93,74.5
94,206,94,196,94,79.5
95,201,95,200,95,86.5
96,199,96,201,96,93.25
97,195,97,204,97,97.75
98,187,98,206,98,105
99,174,99,208,99,112.25
100,181,100,212,100,118.75
101,172,101,216,101,121
102,167,102,219,102,125.5
103,168,103,226,103,127.5
104,169,104,228,104,137.75
105,181,105,241,105,144
106,177,106,246,106,151
107,174,107,253,107,155.5
108,176,108,257,108,160
109,177,109,260,109,164
110,181,110,262,110,166.5
111,175,111,268,111,169
112,178,112,270,112,171.25
113,179,113,276,113,173
114,179,114,285,114,173.75
115,176,115,291,115,176.5
116,171,116,290,116,175.75
117,173,117,293,117,176.75
118,174,118,297,118,177.5
119,170,119,301,119,178.5
120,175,120,303,120,180.75
121,171,121,307,121,178.5
122,164,122,317,122,177
123,169,123,319,123,174.25
124,167,124,322,124,174
125,159,125,326,125,172.25
126,157,126,331,126,171.25
127,161,127,333,127,168
128,162,128,336,128,165
129,161,129,336,129,158.5
130,156,130,343,130,157.75
131,157,131,342,131,157.5
132,157,132,344,132,153.5
133,154,133,346,133,148.75
134,149,134,349,134,145.75
135,150,135,349,135,143.75
136,143,136,356,136,140
137,142,137,365,137,138.75
138,133,138,364,138,137.25
139,134,139,370,139,137
140,130,140,377,140,136.25
141,125,141,382,141,135.25
142,125,142,389,142,131.75
143,118,143,389,143,129.25
144,112,144,393,144,125.5
145,119,145,400,145,123
146,120,146,403,146,121.5
147,121,147,408,147,119
148,121,148,409,148,118.5
149,113,149,410,149,117
150,111,150,415,150,117.25
151,106,151,422,151,115.5
152,100,152,421,152,114.5
153,105,153,419,153,114.5
154,103,154,416,154,112.25
155,91,155,418,155,112.75
156,85,156,418,156,111.5
157,87,157,415,157,112.5
158,79,158,420,158,112.75
159,83,159,427,159,113
160,81,160,432,160,114.25
161,73,161,434,161,113.25
162,74,162,443,162,111.25
163,71,163,440,163,112.75
164,64,164,437,164,113
165,58,165,447,165,112.5
166,57,166,442,166,113.5
167,52,167,444,167,115.5
168,51,168,446,168,117
169,51,169,450,169,116
170,47,170,446,170,119
171,44,171,441,171,120.25
172,42,172,438,172,121.5
173,37,173,430,173,123
174,33,174,426,174,125.75
175,35,175,423,175,124.75
176,32,176,422,176,128.75
177,27,177,414,177,129.75
178,22,178,408,178,132.25
179,20,179,411,179,135.25
180,18,180,410,180,138.5
181,19,181,410,181,143
182,17,182,402,182,146.75
183,15,183,390,183,151
184,17,184,391,184,156.5
185,18,185,379,185,161.75
186,19,186,373,186,167.5
187,19,187,367,187,172.75
188,17,188,366,188,180.25
189,17,189,358,189,185.25
190,17,190,355,190,194.25
191,15,191,353,191,198.5
192,15,192,347,192,204
193,15,193,347,193,211.75
194,15,194,343,194,219.75
195,16,195,348,195,226.5
196,15,196,332,196,235.5
197,15,197,318,197,244.25
198,15,198,313,198,253.75
199,14,199,307,199,264.75
200,14,200,300,200,275
201,14,201,287,201,284.25
202,14,202,283,202,295.75
203,13,203,280,203,301.75
204,15,204,274,204,312.5
205,14,205,264,205,321.75
206,16,206,263,206,329.25
207,19,207,258,207,335.75
208,18,208,249,208,346.25
209,17,209,245,209,355.25
210,15,210,242,210,363.5
211,16,211,238,211,369.25
212,18,212,237,212,377.75
213,19,213,222,213,382
214,16,214,212,214,388.5
215,14,215,209,215,395.75
216,14,216,205,216,404
217,15,217,195,217,408.5
218,18,218,189,218,412.5
219,19,219,185,219,419.25
220,21,220,184,220,424.75
221,25,221,179,221,430
222,30,222,175,222,431.5
223,30,223,175,223,434.5
224,31,224,166,224,436.75
225,32,225,158,225,438.5
226,34,226,155,226,438.25
227,35,227,151,227,439.75
228,34,228,139,228,440.75
229,30,229,132,229,442.5
230,32,230,133,230,443.75
231,34,231,130,231,444.5
232,36,232,127,232,444.75
233,38,233,122,233,444.75
234,39,234,117,234,446.25
235,42,235,114,235,444.5
236,42,236,111,236,443.5
237,41,237,108,237,441
238,41,238,106,238,439
239,42,239,104,239,440
240,44,240,100,240,439
241,47,241,98,241,438.25
242,51,242,93,242,435.5
243,57,243,88,243,432.5
244,62,244,87,244,428
245,64,245,86,245,422.75
246,72,246,84,246,416.25
247,73,247,80,247,409
248,77,248,77,248,403
249,86,249,77,249,397.25
250,89,250,80,250,389.25
251,93,251,80,251,381.25
252,104,252,80,252,371.75
253,107,253,82,253,359.5
254,119,254,81,254,348.25
255,124,255,81,255,338.5
256,133,256,78,256,330.25
257,134,257,77,257,318.25
258,144,258,79,258,308
259,149,259,80,259,297
260,163,260,81,260,285.5
261,174,261,78,261,272
262,191,262,73,262,258.25
263,198,263,74,263,244.25
264,213,264,71,264,231.25
265,230,265,74,265,219.75
266,237,266,72,266,206
267,253,267,73,267,193.75
268,265,268,75,268,181.75
269,284,269,75,269,171
270,309,270,77,270,158
271,337,271,73,271,144.5
272,359,272,71,272,130.25
273,383,273,72,273,117.25
274,418,274,72,274,103
275,449,275,74,275,92
276,478,276,73,276,83
277,506,277,72,277,71.25
278,532,278,73,278,62.25
279,558,279,73,279,55.25
280,602,280,76,280,45.5
281,630,281,79,281,37.75
282,658,282,82,282,33.75
283,704,283,84,283,29
284,732,284,87,284,23.5
285,769,285,89,285,19
286,806,286,89,286,16.5
287,858,287,91,287,12.25
288,890,288,94,288,9.5
289,906,289,97,289,8.75
290,908,290,101,290,8
291,926,291,103,291,6.5
292,957,292,104,292,6.5
293,952,293,107,293,6.75
294,955,294,110,294,6.75
295,957,295,116,295,5.5
296,977,296,121,296,4.75
297,948,297,124,297,5
298,929,298,127,298,5.25
299,914,299,130,299,5.25
300,882,300,132,300,7
301,856,301,135,301,8
302,822,302,135,302,7
303,795,303,140,303,8
304,709,304,145,304,7
305,692,305,147,305,8.5
306,656,306,149,306,8.5
307,630,307,150,307,8.5
308,621,308,153,308,9.5
309,595,309,156,309,10.75
310,559,310,161,310,13
311,538,311,165,311,13
312,517,312,167,312,14.5
313,485,313,169,313,17
314,473,314,174,314,17.5
315,427,315,179,315,19.5
316,357,316,183,316,21.25
317,344,317,184,317,22.25
318,325,318,187,318,25.25
319,306,319,191,319,26.75
320,285,320,192,320,29.5
321,277,321,196,321,31.5
322,256,322,203,322,33
323,243,323,205,323,34
324,234,324,206,324,34.75
325,229,325,212,325,36.5
326,212,326,215,326,36.5
327,196,327,222,327,37
328,192,328,224,328,40.25
329,178,329,229,329,43.25
330,175,330,233,330,47.75
331,167,331,237,331,52
332,165,332,241,332,58.5
333,157,333,246,333,65
334,159,334,248,334,69.25
335,151,335,252,335,74.75
336,147,336,257,336,78.75
337,138,337,264,337,86.5
338,138,338,268,338,93.5
339,134,339,277,339,101.5
340,133,340,281,340,111.25
341,125,341,286,341,118
342,119,342,290,342,125
343,116,343,296,343,129.75
344,112,344,309,344,136.75
345,110,345,316,345,141.75
346,106,346,322,346,149.5
347,107,347,326,347,157
348,109,348,330,348,164.75
349,108,349,338,349,174.75
350,109,350,341,350,182.75
351,104,351,343,351,189.75
352,99,352,347,352,197.75
353,96,353,351,353,208
354,94,354,357,354,215.25
355,91,355,352,355,221.75
356,83,356,355,356,227
357,86,357,350,357,237
358,80,358,350,358,245.25
359,73,359,345,359,253
360,68,360,344,360,260.5
361,70,361,349,361,269.5
362,73,362,352,362,274.75
363,70,363,351,363,276.75
364,71,364,349,364,282.5
365,72,365,349,365,285
366,74,366,350,366,286
367,74,367,342,367,289.75
368,71,368,343,368,290.75
369,70,369,341,369,288
370,74,370,333,370,285.75
371,69,371,331,371,285.75
372,72,372,335,372,285
373,69,373,344,373,281
374,68,374,343,374,278.25
375,68,375,345,375,276
376,72,376,342,376,270.75
377,70,377,344,377,267
378,75,378,348,378,263.25
379,75,379,349,379,258
380,76,380,343,380,254.5
381,75,381,349,381,251
382,67,382,346,382,247.5
383,64,383,340,383,245
384,68,384,345,384,241.5
385,70,385,351,385,237.5
386,66,386,345,386,234.75
387,64,387,345,387,230.5
388,60,388,350,388,227.5
389,56,389,356,389,225.75
390,56,390,357,390,222.25
391,51,391,350,391,222.5
392,50,392,340,392,219.5
393,47,393,336,393,218.75
394,48,394,328,394,217
395,44,395,325,395,214.5
396,44,396,319,396,214
397,43,397,318,397,213
398,45,398,322,398,212.75
399,43,399,311,399,212.25
400,41,400,308,400,210.5
401,41,401,303,401,211.25
402,39,402,308,402,212
403,34,403,305,403,211.75
404,31,404,302,404,212.5
405,29,405,297,405,213.25
406,26,406,296,406,213.5
407,25,407,297,407,214.5
408,25,408,289,408,215.25
409,24,409,279,409,217.75
410,24,410,276,410,220.75
411,25,411,271,411,224.75
412,26,412,269,412,225.25
413,25,413,257,413,226.75
414,25,414,256,414,228
415,27,415,249,415,228.75
416,31,416,248,416,230.25
417,32,417,250,417,229.5
418,34,418,242,418,229.5
419,34,419,235,419,229.75
420,36,420,232,420,229.25
421,34,421,229,421,232
422,31,422,224,422,233
423,28,423,225,423,234.75
424,27,424,219,424,236.25
425,30,425,212,425,237.5
426,31,426,208,426,239.75
427,31,427,201,427,242.75
428,32,428,197,428,247.5
429,33,429,198,429,249.5
430,36,430,201,430,253
431,38,431,199,431,256.25
432,41,432,195,432,258.75
433,43,433,197,433,260
434,43,434,197,434,261.75
435,42,435,197,435,263.5
436,41,436,190,436,265
437,47,437,182,437,268.75
438,50,438,181,438,271.25
439,50,439,177,439,271.75
440,56,440,170,440,272.5
441,55,441,167,441,273.25
442,61,442,160,442,275.75
443,60,443,159,443,274.75
444,62,444,158,444,271
445,62,445,154,445,272.25
446,71,446,150,446,273.75
447,78,447,146,447,270.5
448,84,448,140,448,268.5
449,90,449,139,449,266.5
450,98,450,139,450,267.25
451,103,451,139,451,266.25
452,111,452,135,452,263.5
453,115,453,137,453,261
454,129,454,137,454,257.5
455,133,455,130,455,252.75
456,148,456,127,456,252
457,149,457,121,457,249.25
458,156,458,120,458,247
459,160,459,117,459,243.5
460,169,460,118,460,240
461,181,461,118,461,236.5
462,189,462,112,462,229.75
463,201,463,112,463,225
464,213,464,114,464,216.75
465,221,465,112,465,207.25
466,232,466,111,466,199.5
467,247,467,114,467,188.75
468,275,468,118,468,178.5
469,303,469,115,469,169
470,322,470,116,470,155.5
471,345,471,116,471,143
472,351,472,115,472,131
473,369,473,119,473,117.75
474,381,474,117,474,110
475,410,475,118,475,100.75
476,426,476,118,476,93.5
477,451,477,119,477,84.5
478,469,478,120,478,73
479,481,479,120,479,67
480,500,480,121,480,58
481,529,481,123,481,54.25
482,554,482,121,482,51.5
483,553,483,124,483,47.5
484,579,484,127,484,40.25
485,613,485,126,485,36.5
486,643,486,130,486,32
487,669,487,131,487,29.25
488,676,488,131,488,24.75
489,694,489,135,489,23.25
490,711,490,138,490,21.25
491,717,491,139,491,19
492,715,492,140,492,15.25
493,708,493,146,493,15.75
494,741,494,147,494,14
495,732,495,148,495,11.75
496,722,496,149,496,10.75
497,712,497,155,497,8.75
498,713,498,163,498,7.5
499,713,499,167,499,9.25
500,703,500,169,500,8.25
501,684,501,169,501,9
502,657,502,174,502,7.5
503,628,503,176,503,7
504,605,504,180,504,8.5
505,589,505,185,505,9.25
506,551,506,192,506,10.25
507,527,507,195,507,12.25
508,483,508,197,508,13.5
509,445,509,204,509,15
510,407,510,207,510,16.75
511,377,511,211,511,16.5
512,344,512,213,512,16.25
513,310,513,219,513,16.75
514,288,514,221,514,17
515,264,515,225,515,17.75
516,243,516,230,516,18.25
517,224,517,235,517,18.75
518,205,518,245,518,21
519,207,519,247,519,24.25
520,191,520,252,520,24.25
521,183,521,257,521,27
522,170,522,267,522,29.5
523,162,523,273,523,32
524,157,524,282,524,34.25
525,147,525,285,525,36.75
526,133,526,293,526,38.25
527,119,527,300,527,39.75
528,117,528,305,528,43.25
529,109,529,313,529,45.5
530,106,530,315,530,52.25
531,107,531,318,531,57.25
532,102,532,327,532,58.5
533,90,533,322,533,60.5
534,88,534,323,534,68.25
535,89,535,332,535,73.75
536,79,536,338,536,80.5
537,74,537,343,537,85.75
538,68,538,341,538,91.75
539,69,539,344,539,99.75
540,65,540,347,540,107.75
541,63,541,348,541,114.5
542,68,542,348,542,123.75
543,70,543,347,543,128
544,66,544,352,544,136
545,64,545,352,545,142
546,57,546,353,546,149.25
547,56,547,350,547,157.25
548,58,548,354,548,164.75
549,59,549,355,549,174.75
550,62,550,353,550,183.75
551,57,551,357,551,194.25
552,58,552,360,552,206
553,66,553,367,553,216.75
554,66,554,363,554,227.5
555,61,555,361,555,239.5
556,56,556,359,556,249.75
557,55,557,356,557,263.25
558,51,558,355,558,276.25
559,47,559,357,559,289.75
560,46,560,355,560,303.75
561,45,561,353,561,312.5
562,42,562,346,562,324
563,43,563,344,563,333.25
564,42,564,355,564,342.5
565,43,565,358,565,351.75
566,44,566,357,566,357.25
567,47,567,357,567,364
568,42,568,353,568,366
569,43,569,353,569,368.5
570,39,570,351,570,369
571,31,571,338,571,374.75
572,28,572,334,572,379
573,23,573,325,573,383.75
574,22,574,315,574,386.75
575,27,575,311,575,390.75
576,27,576,307,576,391.5
577,29,577,307,577,394
578,29,578,298,578,395.25
579,30,579,290,579,397.75
580,28,580,289,580,396.25
581,27,581,291,581,395.5
582,23,582,275,582,394.5
583,26,583,275,583,392.75
584,24,584,274,584,391.5
585,22,585,280,585,390.75
586,28,586,267,586,388.5
587,27,587,264,587,387.25
588,28,588,263,588,385.5
589,26,589,251,589,383.5
590,23,590,248,590,381.25
591,22,591,243,591,380
592,22,592,230,592,379.25
593,22,593,226,593,376.75
594,22,594,219,594,373.75
595,24,595,217,595,372.75
596,24,596,216,596,371.5
597,25,597,220,597,369.5
598,24,598,213,598,368.25
599,24,599,211,599,367.25
600,23,600,202,600,366.25
601,24,601,191,601,365
602,24,602,182,602,363.25
603,25,603,177,603,362.5
604,26,604,170,604,361.75
605,29,605,166,605,358.25
606,33,606,163,606,355.5
607,34,607,151,607,354.25
608,37,608,147,608,351.75
609,41,609,143,609,349.25
610,48,610,141,610,345.5
611,51,611,143,611,341
612,59,612,140,612,338.25
613,64,613,137,613,334
614,71,614,132,614,328.5
615,74,615,131,615,321.5
616,77,616,126,616,317
617,77,617,123,617,311.25
618,80,618,121,618,306.5
619,78,619,120,619,303.75
620,84,620,117,620,298.75
621,93,621,116,621,293.75
622,103,622,110,622,288.75
623,118,623,109,623,281.25
624,131,624,108,624,273.5
625,137,625,106,625,267
626,153,626,108,626,259
627,165,627,110,627,249.5
628,170,628,109,628,241.75
629,180,629,109,629,233.75
630,192,630,110,630,225
631,198,631,104,631,217
632,217,632,101,632,210.25
633,224,633,102,633,199
634,245,634,102,634,190
635,260,635,100,635,180.75
636,277,636,99,636,173.75
637,286,637,102,637,165.5
638,295,638,104,638,156.5
639,308,639,100,639,149.75
640,323,640,103,640,143.25
641,337,641,105,641,136
642,357,642,102,642,128.25
643,376,643,105,643,120.5
644,412,644,107,644,112.75
645,426,645,109,645,105
646,442,646,107,646,96
647,474,647,111,647,84.75
648,496,648,110,648,78
649,520,649,113,649,69.25
650,541,650,120,650,62.25
651,563,651,122,651,56
652,596,652,125,652,52.5
653,618,653,126,653,46.25
654,644,654,128,654,42
655,665,655,129,655,38.75
656,674,656,132,656,35
657,686,657,137,657,34.75
658,719,658,142,658,32.25
659,722,659,144,659,27
660,702,660,148,660,24
661,702,661,148,661,21.75
662,716,662,153,662,20.25
663,721,663,156,663,19.5
664,730,664,160,664,18.5
665,713,665,167,665,19.75
666,712,666,166,666,18.25
667,694,667,170,667,18.25
668,693,668,172,668,18
669,682,669,175,669,17.75
670,680,670,175,670,17.5
671,666,671,178,671,18.75
672,662,672,184,672,16.75
673,645,673,190,673,16.25
674,594,674,196,674,18.5
675,554,675,201,675,17.75
676,522,676,206,676,18.5
677,513,677,207,677,19
678,495,678,208,678,17.75
679,454,679,208,679,17.75
680,426,680,213,680,18.75
681,419,681,216,681,19.25
682,397,682,219,682,18.5
683,393,683,219,683,19
684,385,684,219,684,19.25
685,367,685,225,685,19.5
686,334,686,226,686,20.25
687,315,687,233,687,18.5
688,288,688,240,688,19
689,273,689,243,689,19
690,257,690,246,690,19.5
691,244,691,250,691,18.75
692,229,692,256,692,21.5
693,207,693,260,693,23.25
694,193,694,265,694,25.5
695,181,695,270,695,27
696,156,696,272,696,29.75
697,143,697,278,697,33.75
698,143,698,285,698,38
699,134,699,290,699,42.25
700,124,700,295,700,46.75
701,115,701,304,701,52
702,103,702,312,702,57.75
703,101,703,316,703,63
704,97,704,318,704,68
705,85,705,316,705,72.25
706,77,706,325,706,75.25
707,76,707,330,707,82.5
708,75,708,331,708,87.5
709,79,709,343,709,93.5
710,75,710,350,710,98.75
711,73,711,348,711,106.25
712,68,712,356,712,112.25
713,63,713,362,713,120.5
714,65,714,370,714,129.75
715,66,715,380,715,136.5
716,65,716,384,716,143.5
717,61,717,388,717,151.75
718,56,718,388,718,159
719,55,719,392,719,165.25
720,55,720,392,720,176.25
721,52,721,404,721,185.25
722,51,722,402,722,194.25
723,51,723,409,723,199.25
724,47,724,406,724,207
725,46,725,409,725,216.5
726,41,726,399,726,223.75
727,41,727,396,727,230.5
728,37,728,392,728,240.75
729,31,729,400,729,250.75
730,28,730,395,730,261.25
731,23,731,395,731,270.5
732,21,732,400,732,281.25
733,18,733,402,733,291.25
734,20,734,401,734,303.25
735,18,735,397,735,310.75
736,17,736,388,736,320
737,18,737,386,737,327.5
738,16,738,373,738,335.5
739,15,739,366,739,342.25
740,15,740,366,740,351.5
741,14,741,366,741,359
742,15,742,363,742,365.75
743,16,743,361,743,371.75
744,20,744,348,744,376.5
745,22,745,343,745,380.25
746,21,746,342,746,385.5
747,20,747,338,747,387.75
748,23,748,333,748,389.75
749,21,749,332,749,391
750,22,750,337,750,391.75
751,24,751,336,751,393.25
752,24,752,334,752,390.5
753,21,753,325,753,392.25
754,17,754,317,754,393.5
755,16,755,310,755,396
756,15,756,313,756,398.5
757,14,757,307,757,400.25
758,15,758,305,758,400.75
759,14,759,303,759,404
760,14,760,299,760,406.5
761,14,761,296,761,407
762,16,762,283,762,409.5
763,15,763,264,763,412
764,13,764,257,764,412.5
765,13,765,242,765,413.75
766,12,766,236,766,415
767,13,767,230,767,417.25
768,12,768,222,768,418.5
769,11,769,213,769,420.5
770,14,770,204,770,420.5
771,13,771,199,771,420.75
772,14,772,196,772,421.25
773,13,773,186,773,421.5
774,13,774,189,774,423.25
775,12,775,189,775,423.5
776,12,776,191,776,424
777,14,777,176,777,424
778,16,778,178,778,424.25
779,17,779,170,779,423
780,18,780,167,780,421.5
781,19,781,163,781,421.25
782,22,782,152,782,420.25
783,22,783,153,783,418.75
784,25,784,150,784,416
785,24,785,142,785,413.5
786,24,786,138,786,410.5
787,23,787,132,787,410.25
788,24,788,132,788,409.75
789,25,789,126,789,409.25
790,27,790,129,790,407.5
791,30,791,126,791,405.75
792,31,792,125,792,405
793,33,793,121,793,404.5
794,33,794,115,794,400
795,33,795,112,795,398
796,34,796,102,796,395.5
797,36,797,100,797,395
798,39,798,99,798,391.25
799,43,799,100,799,389.25
800,46,800,99,800,384.75
801,50,801,96,801,380
802,60,802,94,802,377
803,57,803,91,803,373.25
804,60,804,90,804,369.75
805,64,805,90,805,365
806,66,806,93,806,360
807,73,807,96,807,353.5
808,75,808,96,808,345.75
809,78,809,92,809,340
810,86,810,91,810,335.25
811,91,811,87,811,330
812,98,812,88,812,324
813,103,813,85,813,316.75
814,115,814,81,814,310.25
815,113,815,83,815,300.25
816,122,816,80,816,290.25
817,126,817,77,817,281.75
818,129,818,74,818,274.75
819,136,819,73,819,266.25
820,144,820,69,820,257.75
821,160,821,72,821,246
822,168,822,73,822,234.5
823,176,823,73,823,223
824,182,824,74,824,211.25
825,193,825,76,825,198
826,207,826,72,826,189.5
827,220,827,77,827,176.25
828,241,828,80,828,166.5
829,265,829,78,829,154.75
830,291,830,73,830,141.75
831,295,831,74,831,131.25
832,304,832,76,832,122.75
833,322,833,79,833,113.5
834,361,834,82,834,104.25
835,393,835,83,835,96.25
836,421,836,82,836,87
837,449,837,84,837,80.25
838,478,838,87,838,70.5
839,503,839,87,839,64
840,522,840,85,840,58.75
841,548,841,85,841,50.25
842,574,842,86,842,44.25
843,617,843,86,843,40.5
844,640,844,87,844,34.75
845,671,845,90,845,25.75
846,696,846,89,846,21.25
847,731,847,90,847,16.5
848,745,848,92,848,15.75
849,787,849,93,849,15.25
850,819,850,94,850,14
851,840,851,95,851,14
852,883,852,98,852,12.25
853,904,853,100,853,11.25
854,943,854,101,854,8
855,941,855,101,855,7
856,937,856,103,856,5
857,923,857,104,857,5
858,931,858,106,858,6.75
859,942,859,110,859,6
860,913,860,112,860,7.25
861,913,861,113,861,7.25
862,897,862,118,862,5.75
863,905,863,120,863,6.75
864,913,864,123,864,7
865,847,865,125,865,8.25
866,837,866,127,866,9.25
867,775,867,129,867,10
868,724,868,131,868,10.5
869,663,869,134,869,10.75
870,640,870,137,870,12
871,608,871,139,871,12.75
872,562,872,145,872,13
873,544,873,147,873,15.5
874,501,874,148,874,15.5
875,493,875,150,875,15.75
876,442,876,152,876,15.75
877,434,877,156,877,16.75
878,434,878,163,878,18.25
879,426,879,163,879,19.75
880,385,880,168,880,19.75
881,366,881,171,881,21.75
882,338,882,172,882,22.5
883,320,883,175,883,23.25
884,286,884,178,884,24.25
885,270,885,182,885,27.5
886,266,886,185,886,29.25
887,252,887,191,887,32
888,250,888,194,888,35.75
889,235,889,199,889,36.75
890,229,890,202,890,41
891,228,891,205,891,46.25
892,209,892,211,892,50
893,207,893,216,893,54.75
894,195,894,215,894,59.5
895,183,895,217,895,66.25
896,172,896,224,896,69
897,169,897,229,897,74
898,162,898,232,898,77.5
899,162,899,239,899,80.25
900,163,900,243,900,86.25
901,171,901,248,901,92.25
902,171,902,253,902,98.75
903,165,903,259,903,104.75
904,162,904,264,904,111
905,152,905,269,905,116
906,144,906,272,906,118
907,144,907,277,907,122.75
908,140,908,279,908,132
909,138,909,280,909,140.25
910,133,910,282,910,145.75
911,127,911,288,911,154.5
912,122,912,290,912,164.75
913,109,913,297,913,168
914,111,914,299,914,178.5
915,106,915,302,915,185.75
916,104,916,305,916,192.25
917,103,917,314,917,201
918,98,918,315,918,206.5
919,95,919,319,919,212.25
920,93,920,320,920,216.5
921,91,921,324,921,222.5
922,89,922,331,922,229.5
923,91,923,339,923,237.25
924,85,924,342,924,241.25
925,79,925,346,925,247.5
926,74,926,347,926,253.5
927,78,927,352,927,256.25
928,81,928,359,928,262.5
929,80,929,364,929,264.5
930,79,930,365,930,265
931,73,931,364,931,267.25
932,77,932,375,932,272.5
933,82,933,381,933,271.75
934,70,934,378,934,271
935,68,935,379,935,268.75
936,66,936,377,936,266.5
937,60,937,374,937,264
938,60,938,372,938,262
939,63,939,367,939,258.75
940,60,940,365,940,254
941,62,941,370,941,251
942,60,942,372,942,246.5
943,59,943,370,943,242.25
944,57,944,364,944,238.5
945,52,945,368,945,235.5
946,52,946,366,946,234.25
947,50,947,375,947,231.5
948,46,948,379,948,230.25
949,38,949,382,949,230
950,35,950,384,950,228.25
951,36,951,377,951,226.5
952,34,952,371,952,225.75
953,33,953,376,953,224.5
954,37,954,369,954,224.5
955,37,955,373,955,223.75
956,37,956,362,956,225.5
957,37,957,361,957,225.25
958,36,958,362,958,226
959,36,959,354,959,228
960,32,960,354,960,228
961,31,961,357,961,229.5
962,31,962,354,962,231.75
963,29,963,345,963,232.25
964,28,964,334,964,232.5
965,29,965,332,965,233.5
966,31,966,329,966,234.25
967,32,967,330,967,234.75
968,33,968,339,968,235.25
969,38,969,328,969,237.5
970,33,970,314,970,238.5
971,32,971,307,971,240.5
972,29,972,294,972,241.5
973,29,973,289,973,243
974,26,974,282,974,244.5
975,24,975,276,975,245.75
976,23,976,274,976,250
977,23,977,267,977,252
978,23,978,259,978,253.75
979,22,979,252,979,256
980,21,980,253,980,257.75
981,23,981,246,981,259.75
982,21,982,244,982,261.5
983,17,983,242,983,265.75
984,19,984,239,984,268.5
985,17,985,236,985,272.75
986,14,986,236,986,277
987,15,987,231,987,280.75
988,15,988,220,988,284
989,18,989,224,989,289.25
990,17,990,226,990,292.5
991,18,991,227,991,295.5
992,16,992,217,992,299.25
993,18,993,210,993,306
994,19,994,207,994,309.75
995,19,995,204,995,313.75
996,15,996,188,996,317.5
997,17,997,178,997,323
998,16,998,170,998,326
999,15,999,167,999,330.25
1000,14,1000,164,1000,336.25
1001,13,1001,154,1001,338.5
1002,14,1002,145,1002,341.5
1003,12,1003,141,1003,347
1004,13,1004,141,1004,353
1005,13,1005,138,1005,358.25
1006,15,1006,134,1006,362.75
1007,13,1007,127,1007,369.25
1008,15,1008,124,1008,374.75
1009,16,1009,123,1009,376.5
1010,17,1010,116,1010,380
1011,16,1011,116,1011,383.25
1012,18,1012,113,1012,387
1013,21,1013,111,1013,389.75
1014,22,1014,105,1014,392.5
1015,24,1015,107,1015,394.25
1016,23,1016,102,1016,396.75
1017,24,1017,95,1017,400
1018,26,1018,92,1018,401.5
1019,26,1019,94,1019,403.75
1020,29,1020,89,1020,406.75
1021,33,1021,85,1021,409.5
1022,35,1022,83,1022,410
1023,38,1023,80,1023,411.25
1024,40,1024,78,1024,411.25
1025,44,1025,73,1025,411
1026,44,1026,70,1026,413
1027,48,1027,67,1027,414.25
1028,50,1028,66,1028,414.75
1029,54,1029,66,1029,415
1030,59,1030,65,1030,413.25
1031,67,1031,65,1031,411
1032,74,1032,66,1032,405.5
1033,81,1033,66,1033,399.75
1034,88,1034,66,1034,392.5
1035,92,1035,64,1035,386.25
1036,101,1036,65,1036,378.25
1037,103,1037,63,1037,368.5
1038,115,1038,62,1038,358
1039,122,1039,61,1039,345
1040,130,1040,60,1040,336.75
1041,143,1041,59,1041,325.25
1042,152,1042,59,1042,314.75
1043,160,1043,59,1043,299.75
1044,174,1044,58,1044,287.5
1045,187,1045,59,1045,275.25
1046,202,1046,57,1046,260.5
1047,220,1047,56,1047,247.25
1048,239,1048,54,1048,233.5
1049,256,1049,53,1049,218
1050,274,1050,53,1050,205
1051,292,1051,53,1051,189.25
1052,329,1052,50,1052,173.75
1053,359,1053,51,1053,159.25
1054,377,1054,52,1054,147.5
1055,406,1055,51,1055,136
1056,433,1056,52,1056,121
1057,462,1057,52,1057,109
1058,489,1058,53,1058,97
1059,537,1059,54,1059,85.5
1060,589,1060,56,1060,74.75
1061,650,1061,58,1061,63.25
1062,693,1062,60,1062,52
1063,734,1063,63,1063,43.5
1064,788,1064,63,1064,35.75
1065,847,1065,63,1065,28.5
1066,905,1066,63,1066,24.25
1067,963,1067,63,1067,19.75
1068,1007,1068,63,1068,16.75
1069,1039,1069,65,1069,14.75
1070,1092,1070,70,1070,12
1071,1127,1071,74,1071,9.5
1072,1161,1072,74,1072,6.75
1073,1176,1073,77,1073,7.75
1074,1209,1074,78,1074,6
1075,1239,1075,80,1075,5.25
1076,1222,1076,81,1076,5
1077,1245,1077,85,1077,6.25
1078,1242,1078,89,1078,6
1079,1266,1079,90,1079,6
1080,1262,1080,92,1080,4.75
1081,1207,1081,93,1081,5
1082,1177,1082,95,1082,4
1083,1132,1083,99,1083,5.25
1084,1101,1084,100,1084,6
1085,1032,1085,103,1085,7.75
1086,1031,1086,107,1086,6.5
1087,994,1087,111,1087,6.5
1088,973,1088,112,1088,7
1089,948,1089,115,1089,6.5
1090,917,1090,118,1090,6.5
1091,857,1091,118,1091,5.5
1092,813,1092,121,1092,6.5
1093,782,1093,121,1093,5.25
1094,731,1094,125,1094,5.75
1095,683,1095,130,1095,4.25
1096,659,1096,133,1096,6
1097,605,1097,137,1097,6.25
1098,563,1098,140,1098,7.75
1099,529,1099,142,1099,8.25
1100,501,1100,148,1100,10.25
1101,455,1101,152,1101,12.5
1102,423,1102,155,1102,14.25
1103,401,1103,155,1103,15.75
1104,353,1104,157,1104,16.5
1105,316,1105,161,1105,18.5
1106,295,1106,163,1106,20
1107,280,1107,164,1107,21.5
1108,264,1108,168,1108,23.5
1109,253,1109,170,1109,24.5
1110,233,1110,171,1110,24.75
1111,220,1111,172,1111,27
1112,209,1112,176,1112,28.75
1113,200,1113,179,1113,31.25
1114,187,1114,180,1114,33.75
1115,174,1115,185,1115,34.5
1116,162,1116,187,1116,39
1117,157,1117,192,1117,44
1118,148,1118,197,1118,49.25
1119,151,1119,200,1119,55.75
1120,145,1120,206,1120,61.75
1121,149,1121,210,1121,70.25
1122,149,1122,213,1122,77.5
1123,149,1123,215,1123,85
1124,157,1124,220,1124,91.75
1125,162,1125,222,1125,102
1126,164,1126,222,1126,112.25
1127,168,1127,225,1127,118.25
1128,150,1128,235,1128,126.5
1129,148,1129,240,1129,134.25
1130,149,1130,243,1130,142.75
1131,146,1131,247,1131,152
1132,148,1132,250,1132,159.5
1133,146,1133,252,1133,167.5
1134,154,1134,259,1134,173
1135,154,1135,260,1135,178
1136,150,1136,263,1136,187.25
1137,153,1137,265,1137,191.5
1138,158,1138,273,1138,196
1139,156,1139,278,1139,201.75
1140,154,1140,282,1140,207.75
1141,162,1141,289,1141,209.25
1142,164,1142,296,1142,211.75
1143,173,1143,288,1143,214.25
1144,179,1144,291,1144,215.75
1145,183,1145,292,1145,219.25
1146,183,1146,291,1146,219.5
1147,174,1147,296,1147,219
1148,166,1148,301,1148,222.25
1149,177,1149,306,1149,222
1150,177,1150,310,1150,220.75
1151,175,1151,310,1151,215.5
1152,173,1152,311,1152,213
1153,167,1153,313,1153,207.25
1154,163,1154,318,1154,206
1155,153,1155,322,1155,199.5
1156,156,1156,330,1156,193.25
1157,157,1157,328,1157,187.5
1158,160,1158,334,1158,181.25
1159,165,1159,337,1159,176.75
1160,158,1160,338,1160,167
1161,150,1161,339,1161,160.5
1162,138,1162,339,1162,154.75
1163,134,1163,345,1163,148.5
1164,131,1164,350,1164,144
1165,126,1165,349,1165,138.25
1166,126,1166,353,1166,133.25
1167,122,1167,357,1167,130
1168,115,1168,356,1168,126.25
1169,118,1169,360,1169,123.25
1170,120,1170,362,1170,120.5
1171,118,1171,367,1171,118.75
1172,117,1172,367,1172,115
1173,117,1173,371,1173,110.25
1174,125,1174,373,1174,107.5
1175,127,1175,377,1175,104.5
1176,120,1176,383,1176,100.5
1177,118,1177,386,1177,99.25
1178,112,1178,385,1178,97.75
1179,108,1179,390,1179,94.25
1180,106,1180,390,1180,92.25
1181,98,1181,386,1181,90.75
1182,84,1182,386,1182,90.5
1183,89,1183,388,1183,88.5
1184,93,1184,397,1184,87
1185,94,1185,408,1185,86
1186,88,1186,402,1186,84.75
1187,86,1187,405,1187,83
1188,82,1188,397,1188,79.5
1189,85,1189,393,1189,78.75
1190,80,1190,391,1190,78.25
1191,80,1191,388,1191,78.25
1192,82,1192,387,1192,77.75
1193,77,1193,385,1193,77.5
1194,73,1194,379,1194,78.5
1195,62,1195,384,1195,79.25
1196,53,1196,390,1196,80.75
1197,50,1197,388,1197,82.5
1198,49,1198,385,1198,85.25
1199,46,1199,386,1199,87
1200,41,1200,388,1200,88
1201,41,1201,384,1201,90.25
1202,39,1202,389,1202,93
1203,35,1203,390,1203,93.75
1204,32,1204,379,1204,95.75
1205,30,1205,375,1205,97.75
1206,29,1206,368,1206,100
1207,28,1207,361,1207,103.25
1208,26,1208,357,1208,104.5
1209,25,1209,356,1209,106.5
1210,24,1210,347,1210,109.5
1211,26,1211,340,1211,114
1212,30,1212,338,1212,117.5
1213,28,1213,326,1213,121
1214,28,1214,320,1214,125.25
1215,29,1215,316,1215,130
1216,32,1216,308,1216,135
1217,28,1217,305,1217,142
1218,24,1218,306,1218,146.5
1219,24,1219,301,1219,152.75
1220,22,1220,293,1220,160.5
1221,20,1221,289,1221,168.75
1222,17,1222,281,1222,177.25
1223,16,1223,279,1223,182.75
1224,17,1224,274,1224,193
1225,19,1225,272,1225,205.75
1226,22,1226,267,1226,215.5
1227,24,1227,263,1227,224.5
1228,23,1228,260,1228,236
1229,25,1229,255,1229,246
1230,24,1230,247,1230,257.5
1231,23,1231,243,1231,269.25
1232,25,1232,236,1232,277.75
1233,26,1233,230,1233,287.5
1234,26,1234,229,1234,297.75
1235,27,1235,218,1235,306
1236,28,1236,213,1236,316.75
1237,30,1237,209,1237,324
1238,35,1238,207,1238,335.25
1239,35,1239,194,1239,342
1240,38,1240,185,1240,349.5
1241,41,1241,183,1241,352.25
1242,45,1242,188,1242,358
1243,44,1243,187,1243,363
1244,49,1244,186,1244,368.25
1245,53,1245,187,1245,371.75
1246,54,1246,173,1246,374.75
1247,54,1247,169,1247,378.5
1248,61,1248,158,1248,382
1249,66,1249,158,1249,382
1250,62,1250,155,1250,380
1251,68,1251,152,1251,380
1252,68,1252,150,1252,381.25
1253,74,1253,150,1253,380.5
1254,81,1254,151,1254,378.5
1255,86,1255,150,1255,374
1256,90,1256,151,1256,371.75
1257,92,1257,152,1257,365.5
1258,98,1258,148,1258,360.75
1259,100,1259,151,1259,354.5
1260,105,1260,148,1260,350.25
1261,109,1261,146,1261,341.5
1262,115,1262,145,1262,335.25
1263,119,1263,146,1263,328.5
1264,124,1264,145,1264,320.5
1265,134,1265,147,1265,313.25
1266,141,1266,149,1266,305.5
1267,151,1267,145,1267,296
1268,159,1268,140,1268,284.25
1269,174,1269,142,1269,273.75
1270,187,1270,139,1270,261
1271,200,1271,140,1271,249.75
1272,213,1272,139,1272,236.75
1273,216,1273,137,1273,224.25
1274,228,1274,129,1274,210.75
1275,243,1275,127,1275,201
1276,256,1276,128,1276,188.5
1277,266,1277,130,1277,175
1278,275,1278,131,1278,162.5
1279,296,1279,130,1279,154.75
1280,320,1280,130,1280,142
1281,350,1281,129,1281,130.25
1282,364,1282,135,1282,121.25
1283,384,1283,134,1283,113.25
1284,416,1284,138,1284,102.75
1285,447,1285,139,1285,89.5
1286,460,1286,143,1286,76.5
1287,472,1287,147,1287,68.25
1288,492,1288,147,1288,56.5
1289,516,1289,151,1289,51
1290,514,1290,152,1290,44.5
1291,540,1291,157,1291,39
1292,544,1292,158,1292,32.25
1293,557,1293,158,1293,27.25
1294,561,1294,158,1294,23
1295,563,1295,163,1295,19.5
1296,575,1296,165,1296,17
1297,570,1297,169,1297,17
1298,584,1298,173,1298,15.5
1299,599,1299,176,1299,12.25
1300,603,1300,180,1300,12
1301,588,1301,183,1301,11
1302,592,1302,187,1302,9.25
1303,572,1303,190,1303,7.5
1304,547,1304,195,1304,7
1305,520,1305,198,1305,7
1306,505,1306,207,1306,7
1307,469,1307,211,1307,7.75
1308,437,1308,214,1308,7.75
1309,386,1309,218,1309,8
1310,362,1310,222,1310,8.75
1311,324,1311,228,1311,9
1312,296,1312,229,1312,8.5
1313,283,1313,232,1313,8.75
1314,262,1314,232,1314,10.25
1315,242,1315,235,1315,11.5
1316,207,1316,239,1316,12.5
1317,203,1317,239,1317,13
1318,192,1318,243,1318,13
1319,184,1319,247,1319,14.25
1320,167,1320,254,1320,16.75
1321,158,1321,262,1321,19.5
1322,150,1322,267,1322,21
1323,136,1323,273,1323,22.25
1324,124,1324,280,1324,25
1325,119,1325,281,1325,27.75
1326,112,1326,284,1326,30.75
1327,101,1327,285,1327,34.25
1328,94,1328,286,1328,38.5
1329,82,1329,289,1329,43.25
1330,77,1330,291,1330,46.25
1331,69,1331,295,1331,49.75
1332,65,1332,287,1332,54
1333,65,1333,293,1333,57.5
1334,64,1334,297,1334,63.5
1335,61,1335,298,1335,67.75
1336,57,1336,297,1336,74
1337,55,1337,308,1337,81.25
1338,53,1338,300,1338,84.25
1339,54,1339,300,1339,89.25
1340,56,1340,299,1340,93.25
1341,58,1341,305,1341,98.25
1342,58,1342,304,1342,106
1343,53,1343,305,1343,112.75
1344,55,1344,308,1344,121.25
1345,55,1345,308,1345,127.5
1346,53,1346,308,1346,136.5
1347,51,1347,309,1347,144.75
1348,48,1348,307,1348,155.75
1349,46,1349,305,1349,164.5
1350,49,1350,306,1350,173.5
1351,45,1351,307,1351,181
1352,43,1352,308,1352,188
1353,44,1353,309,1353,197.5
1354,46,1354,300,1354,207.5
1355,43,1355,293,1355,218.5
1356,42,1356,286,1356,227.25
1357,39,1357,281,1357,238.5
1358,37,1358,277,1358,248.5
1359,38,1359,275,1359,259.75
1360,39,1360,278,1360,271.5
1361,37,1361,282,1361,283.5
1362,39,1362,281,1362,293.25
1363,39,1363,285,1363,303.75
1364,41,1364,286,1364,314.25
1365,43,1365,287,1365,323.5
1366,41,1366,289,1366,329.25
1367,43,1367,278,1367,338
1368,48,1368,288,1368,347
1369,48,1369,283,1369,353
1370,47,1370,282,1370,356.25
1371,51,1371,285,1371,362.5
1372,49,1372,277,1372,370.25
1373,50,1373,274,1373,378.5
1374,49,1374,279,1374,380.75
1375,49,1375,268,1375,385.5
1376,48,1376,264,1376,387.5
1377,52,1377,258,1377,388.75
1378,54,1378,255,1378,391
1379,58,1379,248,1379,391.5
1380,57,1380,241,1380,389
1381,58,1381,241,1381,386.25
1382,61,1382,243,1382,382.5
1383,63,1383,244,1383,377
1384,60,1384,247,1384,370
1385,64,1385,241,1385,364.75
1386,69,1386,232,1386,361
1387,71,1387,231,1387,354
1388,76,1388,227,1388,348
1389,82,1389,220,1389,342.25
1390,76,1390,220,1390,335.75
1391,77,1391,218,1391,329.75
1392,80,1392,221,1392,322.75
1393,89,1393,226,1393,316.25
1394,91,1394,226,1394,308.25
1395,95,1395,211,1395,301.25
1396,101,1396,208,1396,294.5
1397,114,1397,211,1397,286.5
1398,123,1398,207,1398,277.25
1399,124,1399,202,1399,269.25
1400,132,1400,198,1400,261.25
1401,138,1401,196,1401,252.5
1402,142,1402,196,1402,242.5
1403,151,1403,191,1403,234.25
1404,158,1404,189,1404,226.5
1405,160,1405,187,1405,218.25
1406,162,1406,185,1406,209
1407,162,1407,180,1407,199.5
1408,173,1408,180,1408,191.5
1409,175,1409,181,1409,183
1410,177,1410,186,1410,176.75
1411,179,1411,183,1411,170
1412,187,1412,185,1412,162.25
1413,191,1413,186,1413,155.75
1414,191,1414,186,1414,149.25
1415,202,1415,188,1415,141.25
1416,216,1416,189,1416,134.5
1417,219,1417,183,1417,126.75
1418,236,1418,182,1418,121
1419,248,1419,178,1419,116.5
1420,247,1420,180,1420,111
1421,248,1421,176,1421,102.5
1422,254,1422,179,1422,97.25
1423,261,1423,180,1423,92.25
1424,260,1424,180,1424,83.75
1425,266,1425,179,1425,80.5
1426,270,1426,186,1426,76.5
1427,279,1427,187,1427,73.5
1428,288,1428,191,1428,67.5
1429,292,1429,197,1429,63.5
1430,299,1430,203,1430,57.25
1431,304,1431,206,1431,55.5
1432,304,1432,207,1432,52.5
1433,309,1433,209,1433,48
1434,302,1434,212,1434,48.75
1435,288,1435,210,1435,45.25
1436,283,1436,212,1436,42
1437,281,1437,211,1437,41.5
1438,265,1438,214,1438,41.25
1439,267,1439,217,1439,40.25
1440,275,1440,221,1440,39.5
1441,273,1441,217,1441,40.25
1442,264,1442,217,1442,37.75
1443,256,1443,221,1443,37
1444,263,1444,222,1444,39
1445,267,1445,223,1445,40
1446,269,1446,225,1446,40
1447,261,1447,226,1447,41.25
1448,262,1448,228,1448,42
1449,263,1449,233,1449,42.5
1450,259,1450,239,1450,42.5
1451,258,1451,244,1451,43.25
1452,248,1452,246,1452,43.5
1453,237,1453,247,1453,44.75
1454,227,1454,244,1454,48
1455,227,1455,247,1455,48.25
1456,228,1456,249,1456,48.25
1457,217,1457,246,1457,52
1458,219,1458,252,1458,52.5
1459,217,1459,253,1459,55.25
1460,205,1460,258,1460,57.25
1461,198,1461,260,1461,61.5
1462,206,1462,266,1462,64.75
1463,200,1463,270,1463,66
1464,189,1464,269,1464,68.5
1465,185,1465,269,1465,69.5
1466,188,1466,273,1466,71
1467,181,1467,274,1467,75.25
1468,168,1468,271,1468,77.75
1469,163,1469,272,1469,82.75
1470,167,1470,280,1470,88.25
1471,173,1471,283,1471,92.5
1472,164,1472,282,1472,96
1473,163,1473,280,1473,98
1474,164,1474,285,1474,102
1475,161,1475,282,1475,105.25
1476,148,1476,283,1476,108.25
1477,144,1477,278,1477,111.25
1478,139,1478,285,1478,114.25
1479,136,1479,284,1479,117.75
1480,123,1480,288,1480,119.25
1481,114,1481,285,1481,122.5
1482,125,1482,283,1482,125.25
1483,127,1483,283,1483,129.25
1484,122,1484,284,1484,133.25
1485,113,1485,285,1485,137.75
1486,106,1486,286,1486,141.75
1487,103,1487,286,1487,144.5
1488,103,1488,292,1488,147.25
1489,102,1489,297,1489,150.75
1490,102,1490,298,1490,154.75
1491,96,1491,301,1491,159
1492,88,1492,297,1492,161.75
1493,88,1493,303,1493,165.5
1494,83,1494,306,1494,170.5
1495,83,1495,309,1495,170.5
1496,77,1496,311,1496,175
1497,72,1497,310,1497,177.25
1498,72,1498,307,1498,181.5
1499,68,1499,307,1499,184.5
1500,66,1500,310,1500,189.75
1501,63,1501,309,1501,193.5
1502,60,1502,309,1502,199
1503,56,1503,310,1503,203.5
1504,54,1504,302,1504,207.75
1505,54,1505,300,1505,211.25
1506,55,1506,294,1506,213.75
1507,54,1507,292,1507,217.5
1508,56,1508,288,1508,222.5
1509,59,1509,284,1509,225.75
1510,60,1510,278,1510,226.75
1511,60,1511,280,1511,232.5
1512,61,1512,276,1512,233.75
1513,59,1513,259,1513,236
1514,62,1514,259,1514,236
1515,69,1515,259,1515,239.5
1516,71,1516,255,1516,240.75
1517,75,1517,246,1517,243.75
1518,80,1518,254,1518,241.5
1519,85,1519,255,1519,240.25
1520,85,1520,250,1520,239
1521,85,1521,254,1521,234
1522,84,1522,253,1522,232.25
1523,81,1523,254,1523,229.5
1524,83,1524,254,1524,226
1525,90,1525,249,1525,224
1526,92,1526,248,1526,222.25
1527,94,1527,247,1527,218.5
1528,90,1528,244,1528,216.25
1529,89,1529,237,1529,215.75
1530,90,1530,233,1530,214.25
1531,90,1531,230,1531,208
1532,86,1532,222,1532,203
1533,82,1533,221,1533,199
1534,89,1534,218,1534,195.5
1535,90,1535,220,1535,191.5
1536,93,1536,221,1536,189
1537,99,1537,215,1537,187
1538,100,1538,208,1538,186
1539,100,1539,210,1539,185.75
1540,98,1540,208,1540,181.75
1541,110,1541,205,1541,178
1542,119,1542,204,1542,173.5
1543,125,1543,207,1543,171
1544,125,1544,206,1544,168
1545,126,1545,210,1545,166.75
1546,129,1546,202,1546,163.5
1547,132,1547,201,1547,161.25
1548,135,1548,196,1548,156.75
1549,142,1549,198,1549,153.5
1550,141,1550,197,1550,150.5
1551,149,1551,191,1551,147.5
1552,147,1552,187,1552,145.25
1553,148,1553,183,1553,144.5
1554,161,1554,183,1554,139.75
1555,173,1555,180,1555,136.25
1556,179,1556,187,1556,129.75
1557,189,1557,180,1557,122.5
1558,187,1558,177,1558,118.75
1559,196,1559,179,1559,117.5
1560,197,1560,179,1560,118
1561,207,1561,179,1561,114.75
1562,216,1562,179,1562,113.5
1563,221,1563,179,1563,111.5
1564,232,1564,180,1564,111
1565,235,1565,181,1565,109
1566,224,1566,179,1566,105.75
1567,223,1567,181,1567,103.75
1568,235,1568,188,1568,100.75
1569,241,1569,190,1569,100
1570,249,1570,193,1570,95.75
1571,254,1571,188,1571,94.5
1572,261,1572,185,1572,91.5
1573,261,1573,190,1573,89.5
1574,268,1574,187,1574,88.25
1575,280,1575,191,1575,86
1576,284,1576,193,1576,84.75
1577,296,1577,196,1577,83
1578,294,1578,196,1578,80.25
1579,295,1579,200,1579,79.5
1580,288,1580,207,1580,75.5
1581,291,1581,212,1581,74
1582,293,1582,218,1582,73.75
1583,294,1583,219,1583,72
1584,290,1584,221,1584,70.25
1585,290,1585,226,1585,67.75
1586,289,1586,230,1586,69
1587,293,1587,234,1587,65.75
1588,301,1588,240,1588,63.75
1589,297,1589,240,1589,63
1590,299,1590,240,1590,61.75
1591,304,1591,240,1591,61.75
1592,311,1592,247,1592,57.75
1593,309,1593,241,1593,54.5
1594,317,1594,239,1594,52.25
1595,308,1595,241,1595,52.25
1596,301,1596,242,1596,52.5
1597,305,1597,242,1597,53
1598,301,1598,243,1598,53.5
1599,296,1599,243,1599,53.5
1600,305,1600,245,1600,52
1601,290,1601,244,1601,52.25
1602,293,1602,245,1602,53.25
1603,275,1603,247,1603,54.5
1604,263,1604,250,1604,54
1605,256,1605,251,1605,55.75
1606,243,1606,257,1606,55.5
1607,238,1607,263,1607,58.5
1608,228,1608,265,1608,61.75
1609,212,1609,274,1609,63.5
1610,209,1610,281,1610,67.75
1611,202,1611,282,1611,69.5
1612,201,1612,290,1612,72
1613,196,1613,294,1613,72.5
1614,184,1614,296,1614,72
1615,177,1615,301,1615,72.5
1616,175,1616,305,1616,75.75
1617,172,1617,311,1617,76.75
1618,168,1618,314,1618,79.5
1619,168,1619,319,1619,83.5
1620,162,1620,323,1620,86
1621,167,1621,327,1621,88
1622,172,1622,332,1622,88.5
1623,168,1623,329,1623,90.75
1624,166,1624,332,1624,92
1625,174,1625,332,1625,92.5
1626,181,1626,332,1626,90.5
1627,173,1627,330,1627,92.75
1628,154,1628,330,1628,92.25
1629,157,1629,334,1629,95.5
1630,151,1630,333,1630,98.5
1631,144,1631,340,1631,99.5
1632,145,1632,346,1632,100.25
1633,145,1633,346,1633,100.5
1634,130,1634,351,1634,102.75
1635,132,1635,351,1635,106
1636,129,1636,348,1636,110
1637,121,1637,340,1637,111.5
1638,116,1638,342,1638,115
1639,115,1639,345,1639,115.75
1640,118,1640,343,1640,118
1641,115,1641,340,1641,121.75
1642,105,1642,347,1642,125.5
1643,107,1643,351,1643,132.5
1644,105,1644,357,1644,139.25
1645,107,1645,351,1645,141.75
1646,111,1646,349,1646,142.75
1647,111,1647,347,1647,143.25
1648,104,1648,342,1648,145.75
1649,100,1649,347,1649,146.75
1650,99,1650,350,1650,147.5
1651,100,1651,349,1651,148.75
1652,97,1652,350,1652,151.5
1653,95,1653,348,1653,154.75
1654,91,1654,356,1654,157
1655,95,1655,354,1655,160.75
1656,95,1656,359,1656,161
1657,95,1657,355,1657,165.75
1658,99,1658,358,1658,166.5
1659,89,1659,361,1659,168.25
1660,94,1660,365,1660,169.5
1661,90,1661,373,1661,171
1662,85,1662,375,1662,173.75
1663,91,1663,379,1663,176.75
1664,94,1664,384,1664,179.75
1665,94,1665,384,1665,183.25
1666,86,1666,374,1666,184.75
1667,85,1667,372,1667,189.5
1668,83,1668,371,1668,191
1669,82,1669,367,1669,195.25
1670,82,1670,354,1670,198
1671,81,1671,343,1671,199
1672,72,1672,345,1672,199.5
1673,73,1673,339,1673,197.75
1674,69,1674,337,1674,197.25
1675,60,1675,336,1675,198.25
1676,55,1676,334,1676,197.75
1677,54,1677,334,1677,199.25
1678,52,1678,318,1678,202.25
1679,50,1679,315,1679,207
1680,48,1680,312,1680,211.5
1681,50,1681,316,1681,213.25
1682,54,1682,320,1682,214.75
1683,53,1683,318,1683,215.25
1684,53,1684,310,1684,216.75
1685,53,1685,299,1685,216.75
1686,46,1686,296,1686,217.75
1687,46,1687,289,1687,219.5
1688,45,1688,292,1688,222.75
1689,41,1689,286,1689,223.5
1690,45,1690,276,1690,224.5
1691,48,1691,266,1691,227
1692,46,1692,255,1692,228
1693,48,1693,244,1693,231.25
1694,48,1694,241,1694,231.75
1695,50,1695,239,1695,230.75
1696,45,1696,238,1696,230.75
1697,46,1697,242,1697,231.25
1698,49,1698,239,1698,232.25
1699,50,1699,239,1699,231.25
1700,53,1700,238,1700,232.25
1701,57,1701,237,1701,234.5
1702,62,1702,235,1702,235.5
1703,63,1703,236,1703,233
1704,67,1704,232,1704,234.5
1705,72,1705,228,1705,235.75
1706,75,1706,220,1706,236.75
1707,73,1707,218,1707,238.75
1708,80,1708,218,1708,238.25
1709,84,1709,219,1709,240
1710,83,1710,216,1710,239
1711,87,1711,213,1711,237.5
1712,87,1712,212,1712,237.5
1713,85,1713,204,1713,236.75
1714,92,1714,195,1714,236.5
1715,96,1715,190,1715,235.25
1716,100,1716,191,1716,235.5
1717,103,1717,192,1717,232.5
1718,103,1718,190,1718,229.75
1719,104,1719,190,1719,227.75
1720,109,1720,185,1720,225.5
1721,111,1721,183,1721,221.75
1722,118,1722,176,1722,218.5
1723,124,1723,179,1723,214
1724,134,1724,180,1724,212.5
1725,140,1725,171,1725,209
1726,144,1726,166,1726,207.25
1727,151,1727,161,1727,202.25
1728,147,1728,160,1728,198.75
1729,149,1729,157,1729,193.25
1730,162,1730,152,1730,187.5
1731,163,1731,154,1731,182.75
1732,170,1732,149,1732,177
1733,171,1733,141,1733,172.5
1734,185,1734,137,1734,167.25
1735,188,1735,139,1735,163
1736,199,1736,139,1736,159.75
1737,206,1737,143,1737,157
1738,215,1738,142,1738,152
1739,225,1739,146,1739,145.5
1740,230,1740,150,1740,138.25
1741,233,1741,151,1741,134
1742,245,1742,147,1742,128.25
1743,257,1743,145,1743,123.25
1744,265,1744,146,1744,116.25
1745,273,1745,146,1745,111.25
1746,285,1746,145,1746,106
1747,298,1747,147,1747,103.75
1748,306,1748,149,1748,100.5
1749,317,1749,150,1749,95
1750,328,1750,150,1750,89.75
1751,336,1751,155,1751,85.25
1752,344,1752,154,1752,83.75
1753,356,1753,156,1753,78
1754,373,1754,159,1754,73
1755,389,1755,159,1755,70.5
1756,398,1756,162,1756,64.75
1757,416,1757,164,1757,60.25
1758,431,1758,167,1758,59.25
1759,443,1759,174,1759,56
1760,462,1760,179,1760,53.5
1761,463,1761,177,1761,53
1762,450,1762,179,1762,47.25
1763,470,1763,183,1763,45.75
1764,479,1764,189,1764,43
1765,491,1765,189,1765,40.5
1766,494,1766,190,1766,36.75
1767,505,1767,195,1767,34
1768,502,1768,199,1768,32.75
1769,501,1769,200,1769,33.25
1770,494,1770,206,1770,32.5
1771,493,1771,207,1771,29.25
1772,505,1772,209,1772,29.5
1773,505,1773,212,1773,29.5
1774,496,1774,213,1774,28
1775,474,1775,221,1775,26.25
1776,481,1776,227,1776,27.5
1777,456,1777,232,1777,26.75
1778,440,1778,236,1778,24
1779,422,1779,238,1779,24.25
1780,388,1780,248,1780,24.75
1781,382,1781,253,1781,26.25
1782,373,1782,261,1782,27.5
1783,351,1783,265,1783,29.25
1784,324,1784,269,1784,30
1785,322,1785,278,1785,31
1786,302,1786,285,1786,31.75
1787,279,1787,285,1787,33
1788,275,1788,282,1788,34
1789,265,1789,286,1789,34.25
1790,251,1790,289,1790,35.75
1791,239,1791,294,1791,35.5
1792,225,1792,297,1792,35.75
1793,213,1793,301,1793,37.25
1794,208,1794,306,1794,38
1795,198,1795,305,1795,41.5
1796,188,1796,300,1796,44.25
1797,184,1797,303,1797,45.75
1798,173,1798,310,1798,49.25
1799,160,1799,318,1799,51.25
1800,160,1800,323,1800,55
1801,150,1801,331,1801,59
1802,149,1802,335,1802,64.5
1803,135,1803,340,1803,66
1804,127,1804,346,1804,70.25
1805,120,1805,349,1805,74
1806,119,1806,352,1806,79.75
1807,114,1807,354,1807,86
1808,108,1808,358,1808,90
1809,98,1809,355,1809,95.75
1810,91,1810,356,1810,101.75
1811,91,1811,357,1811,106.75
1812,87,1812,356,1812,109.75
1813,83,1813,356,1813,112.75
1814,81,1814,362,1814,118.75
1815,82,1815,364,1815,123
1816,78,1816,371,1816,127.75
1817,76,1817,373,1817,131.5
1818,78,1818,374,1818,134.75
1819,81,1819,378,1819,142.5
1820,74,1820,384,1820,147
1821,70,1821,384,1821,151.75
1822,77,1822,380,1822,157
1823,80,1823,375,1823,161.75
1824,83,1824,369,1824,165.75
1825,79,1825,369,1825,170.25
1826,82,1826,364,1826,176.25
1827,89,1827,362,1827,182.25
1828,89,1828,365,1828,186.5
1829,90,1829,359,1829,191
1830,94,1830,354,1830,197.5
1831,97,1831,360,1831,204
1832,97,1832,357,1832,207.25
1833,94,1833,359,1833,212.25
1834,87,1834,354,1834,213.25
1835,89,1835,351,1835,217.25
1836,95,1836,357,1836,221.25
1837,97,1837,361,1837,223.25
1838,80,1838,356,1838,225
1839,77,1839,356,1839,225
1840,79,1840,351,1840,231
1841,74,1841,355,1841,236
1842,70,1842,358,1842,238
1843,71,1843,349,1843,243.25
1844,64,1844,351,1844,245.5
1845,63,1845,347,1845,247.5
1846,60,1846,344,1846,251
1847,57,1847,342,1847,253.5
1848,61,1848,345,1848,255.5
1849,60,1849,345,1849,259
1850,57,1850,340,1850,260
1851,51,1851,337,1851,260.25
1852,48,1852,335,1852,262.5
1853,48,1853,336,1853,265.5
1854,53,1854,336,1854,268.25
1855,53,1855,339,1855,267.75
1856,49,1856,342,1856,265.75
1857,50,1857,345,1857,263
1858,55,1858,340,1858,264
1859,60,1859,330,1859,262.75
1860,59,1860,334,1860,260.75
1861,57,1861,329,1861,258.75
1862,55,1862,321,1862,260
1863,50,1863,313,1863,257
1864,53,1864,311,1864,254.75
1865,54,1865,302,1865,256.25
1866,54,1866,296,1866,257
1867,56,1867,293,1867,253.5
1868,59,1868,287,1868,251.75
1869,61,1869,287,1869,251
1870,63,1870,287,1870,249.75
1871,59,1871,290,1871,245.75
1872,59,1872,281,1872,244.75
1873,58,1873,265,1873,244
1874,61,1874,264,1874,243.25
1875,60,1875,262,1875,243
1876,60,1876,248,1876,241.25
1877,60,1877,232,1877,239.75
1878,64,1878,227,1878,239.5
1879,73,1879,221,1879,238
1880,76,1880,222,1880,235
1881,75,1881,222,1881,231.25
1882,76,1882,218,1882,228.25
1883,77,1883,213,1883,224.5
1884,84,1884,205,1884,222.75
1885,81,1885,204,1885,219.25
1886,89,1886,199,1886,215.75
1887,91,1887,199,1887,212.75
1888,91,1888,200,1888,207
1889,91,1889,203,1889,202.25
1890,96,1890,197,1890,198
1891,98,1891,196,1891,195.25
1892,99,1892,189,1892,191.25
1893,101,1893,189,1893,186.75
1894,101,1894,189,1894,183.75
1895,101,1895,187,1895,182.5
1896,109,1896,188,1896,179.5
1897,112,1897,188,1897,174
1898,125,1898,187,1898,170
1899,127,1899,180,1899,168
1900,124,1900,182,1900,165.75
1901,127,1901,178,1901,163.75
1902,130,1902,178,1902,161.75
1903,141,1903,177,1903,159
1904,144,1904,173,1904,158
1905,155,1905,173,1905,156
1906,164,1906,169,1906,151.75
1907,171,1907,167,1907,149.25
1908,177,1908,168,1908,146.25
1909,182,1909,164,1909,142.25
1910,186,1910,161,1910,137
1911,192,1911,161,1911,134.25
1912,205,1912,160,1912,131.5
1913,227,1913,155,1913,128.75
1914,233,1914,160,1914,127
1915,241,1915,163,1915,123
1916,245,1916,164,1916,121
1917,260,1917,163,1917,115.5
1918,258,1918,164,1918,111.25
1919,272,1919,162,1919,110.75
1920,290,1920,165,1920,108.25
1921,308,1921,167,1921,103.5
1922,321,1922,168,1922,99
1923,336,1923,170,1923,95.5
1924,345,1924,170,1924,94.25
1925,350,1925,167,1925,91.25
1926,358,1926,171,1926,90.5
1927,375,1927,170,1927,87
1928,384,1928,170,1928,78.5
1929,389,1929,170,1929,75.75
1930,400,1930,171,1930,69.75
1931,411,1931,172,1931,66.5
1932,415,1932,171,1932,62
1933,418,1933,176,1933,57.25
1934,430,1934,179,1934,55
1935,433,1935,182,1935,49.75
1936,454,1936,185,1936,48.5
1937,477,1937,186,1937,47.5
1938,479,1938,186,1938,46.5
1939,497,1939,193,1939,42.5
1940,506,1940,192,1940,39
1941,495,1941,195,1941,35
1942,505,1942,196,1942,37
1943,498,1943,196,1943,37.25
1944,519,1944,203,1944,38.75
1945,526,1945,207,1945,38.5
1946,515,1946,214,1946,37.75
1947,505,1947,219,1947,37
1948,493,1948,223,1948,37.5
1949,485,1949,229,1949,33
1950,465,1950,234,1950,33.25
1951,449,1951,239,1951,34.5
1952,446,1952,242,1952,32.75
1953,440,1953,246,1953,29.25
1954,426,1954,250,1954,30.5
1955,405,1955,253,1955,31.75
1956,377,1956,258,1956,33.25
1957,371,1957,264,1957,35.5
1958,334,1958,265,1958,36.75
1959,310,1959,271,1959,38.25
1960,304,1960,279,1960,40
1961,290,1961,285,1961,40.75
1962,272,1962,289,1962,39.75
1963,273,1963,292,1963,40.25
1964,263,1964,297,1964,41.5
1965,257,1965,297,1965,43.5
1966,249,1966,302,1966,43.25
1967,231,1967,307,1967,42.75
1968,216,1968,311,1968,47
1969,195,1969,315,1969,45.5
1970,194,1970,321,1970,48.75
1971,175,1971,325,1971,50
1972,154,1972,330,1972,52.75
1973,152,1973,336,1973,55.75
1974,143,1974,346,1974,59.5
1975,141,1975,346,1975,63.25
1976,136,1976,346,1976,67.25
1977,132,1977,350,1977,71
1978,126,1978,354,1978,73.25
1979,123,1979,357,1979,78
1980,113,1980,362,1980,80.25
1981,105,1981,367,1981,82.75
1982,100,1982,379,1982,85.75
1983,89,1983,377,1983,87.75
1984,84,1984,385,1984,93
1985,75,1985,383,1985,96.75
1986,74,1986,391,1986,101.25
1987,74,1987,395,1987,105.25
1988,72,1988,390,1988,108.5
1989,67,1989,393,1989,110.75
1990,67,1990,399,1990,116
1991,56,1991,393,1991,118
1992,54,1992,396,1992,122.75
1993,53,1993,396,1993,127
1994,49,1994,397,1994,132.25
1995,49,1995,393,1995,138.25
1996,48,1996,388,1996,144.75
1997,43,1997,384,1997,151.75
1998,40,1998,386,1998,157
1999,44,1999,388,1999,162.75
2000,48,2000,383,2000,167.25
2001,48,2001,378,2001,171
2002,50,2002,386,2002,178.25
2003,51,2003,387,2003,182.75
2004,51,2004,393,2004,188.75
2005,54,2005,393,2005,194.75
2006,53,2006,395,2006,197.5
2007,53,2007,387,2007,202.75
2008,47,2008,380,2008,210.75
2009,43,2009,375,2009,217.5
2010,38,2010,374,2010,227
2011,35,2011,373,2011,232
2012,35,2012,374,2012,238.75
2013,34,2013,369,2013,242
2014,32,2014,370,2014,248.5
2015,29,2015,369,2015,259.5
2016,27,2016,368,2016,266
2017,26,2017,368,2017,274.5
2018,24,2018,361,2018,281.5
2019,23,2019,348,2019,289.25
2020,22,2020,345,2020,297.25
2021,25,2021,333,2021,303.25
2022,23,2022,335,2022,310
2023,23,2023,326,2023,315.75
2024,24,2024,324,2024,319.75
2025,22,2025,318,2025,323.5
2026,23,2026,320,2026,327.75
2027,24,2027,312,2027,333.25
2028,26,2028,313,2028,337
2029,27,2029,311,2029,338.5
2030,30,2030,306,2030,340.25
2031,34,2031,298,2031,340.75
2032,35,2032,279,2032,342.25
2033,39,2033,275,2033,344.25
2034,39,2034,274,2034,346.25
2035,37,2035,270,2035,346.75
2036,36,2036,264,2036,349.75
2037,36,2037,257,2037,350.75
2038,41,2038,247,2038,350.25
2039,41,2039,244,2039,348.75
2040,49,2040,233,2040,348.5
2041,50,2041,227,2041,347.75
2042,51,2042,222,2042,345.5
2043,52,2043,218,2043,343.25
2044,57,2044,207,2044,339.75
2045,54,2045,196,2045,339.25
2046,60,2046,189,2046,335.5
2047,60,2047,183,2047,332.75
2048,60,2048,174,2048,330.75
2049,65,2049,175,2049,329.75
2050,66,2050,178,2050,327.75
2051,71,2051,176,2051,325.25
2052,73,2052,177,2052,321.25
2053,76,2053,176,2053,320
2054,87,2054,173,2054,317.25
2055,90,2055,167,2055,310.75
2056,94,2056,166,2056,307
2057,98,2057,161,2057,301.5
2058,101,2058,156,2058,296
2059,107,2059,147,2059,291.5
2060,109,2060,147,2060,286.25
2061,113,2061,145,2061,280.75
2062,121,2062,149,2062,275
2063,135,2063,148,2063,270
2064,144,2064,150,2064,265.25
2065,154,2065,142,2065,257.25
2066,166,2066,137,2066,247.75
2067,181,2067,138,2067,240.25
2068,184,2068,135,2068,230.75
2069,196,2069,133,2069,218
2070,217,2070,128,2070,208.75
2071,228,2071,123,2071,194.75
2072,244,2072,123,2072,181.75
2073,260,2073,121,2073,167.75
2074,273,2074,120,2074,157.25
2075,283,2075,121,2075,146.25
2076,299,2076,121,2076,137.5
2077,316,2077,123,2077,129.75
2078,335,2078,124,2078,121
2079,350,2079,126,2079,108.75
2080,364,2080,127,2080,99
2081,377,2081,127,2081,91
2082,397,2082,133,2082,80.75
2083,413,2083,133,2083,73.5
2084,430,2084,134,2084,67.25
2085,447,2085,134,2085,61.5
2086,457,2086,133,2086,56
2087,494,2087,134,2087,51.5
2088,514,2088,140,2088,48.25
2089,516,2089,142,2089,41.25
2090,528,2090,141,2090,37.5
2091,553,2091,145,2091,35.25
2092,572,2092,147,2092,30.25
2093,593,2093,149,2093,27
